<?xml version="1.0" encoding="UTF-8"?>
<project-private xmlns="http://www.netbeans.org/ns/project-private/1">
    <editor-bookmarks xmlns="http://www.netbeans.org/ns/editor-bookmarks/2" lastBookmarkId="0"/>
    <open-files xmlns="http://www.netbeans.org/ns/projectui-open-files/2">
        <group>
            <file>file:/C:/Users/rebecca/Documents/GitHub/Conecta4/Practica5/Conecta4_Cliente/src/conecta4_cliente/Conecta4_Cliente.java</file>
            <file>file:/C:/Users/rebecca/Documents/GitHub/Conecta4/Practica5/Conecta4_Cliente/src/conecta4_cliente/Modelo/Cliente.java</file>
            <file>file:/C:/Users/rebecca/Documents/GitHub/Conecta4/Practica5/Conecta4_Cliente/src/conecta4_cliente/Controlador/Controlador.java</file>
            <file>file:/C:/Users/rebecca/Documents/GitHub/Conecta4/Practica5/Conecta4_Cliente/src/conecta4_cliente/Vista/Vista.java</file>
        </group>
    </open-files>
</project-private>
